Sale ID,Date,Product ID,Product Name,Unit Price
1,2024-10-24,P005,Mobile Phone Case,15
2,2024-10-24,P001,Wireless Headphones,100
3,2024-10-24,P001,Wireless Headphones,100
4,2024-10-24,P006,Wireless Mouse,30
5,2024-10-24,P006,Wireless Mouse,30
6,2024-10-24,P003,Bluetooth Speaker,50
7,2024-10-24,P004,USB Flash Drive,20
8,2024-10-24,P007,Laptop Stand,40
9,2024-10-24,P005,Mobile Phone Case,15
10,2024-10-24,P006,Wireless Mouse,30
11,2024-10-24,P004,USB Flash Drive,20
12,2024-10-24,P006,Wireless Mouse,30
13,2024-10-24,P007,Laptop Stand,40
14,2024-10-24,P004,USB Flash Drive,20
15,2024-10-24,P005,Mobile Phone Case,15
16,2024-10-24,P010,External Hard Drive,100
17,2024-10-24,P010,External Hard Drive,100
18,2024-10-24,P004,USB Flash Drive,20
19,2024-10-24,P009,Smartphone,600
20,2024-10-24,P001,Wireless Headphones,100
21,2024-10-24,P008,HDMI cable,15
22,2024-10-24,P007,Laptop Stand,40
23,2024-10-24,P007,Laptop Stand,40
24,2024-10-24,P003,Bluetooth Speaker,50
25,2024-10-24,P007,Laptop Stand,40
26,2024-10-24,P003,Bluetooth Speaker,50
27,2024-10-24,P002,Laptop Backpack,60
28,2024-10-24,P001,Wireless Headphones,100
29,2024-10-24,P004,USB Flash Drive,20
30,2024-10-24,P006,Wireless Mouse,30
31,2024-10-24,P002,Laptop Backpack,60
32,2024-10-24,P003,Bluetooth Speaker,50
33,2024-10-24,P008,HDMI cable,15
34,2024-10-24,P004,USB Flash Drive,20
35,2024-10-24,P009,Smartphone,600
36,2024-10-24,P001,Wireless Headphones,100
37,2024-10-24,P003,Bluetooth Speaker,50
38,2024-10-24,P006,Wireless Mouse,30
39,2024-10-24,P008,HDMI cable,15
40,2024-10-24,P004,USB Flash Drive,20
41,2024-10-24,P009,Smartphone,600
42,2024-10-24,P008,HDMI cable,15
43,2024-10-24,P006,Wireless Mouse,30
44,2024-10-24,P005,Mobile Phone Case,15
45,2024-10-24,P005,Mobile Phone Case,15
46,2024-10-24,P001,Wireless Headphones,100
47,2024-10-24,P002,Laptop Backpack,60
48,2024-10-24,P005,Mobile Phone Case,15
49,2024-10-24,P002,Laptop Backpack,60
50,2024-10-24,P009,Smartphone,600
51,2024-10-24,P002,Laptop Backpack,60
52,2024-10-24,P001,Wireless Headphones,100
53,2024-10-24,P006,Wireless Mouse,30
54,2024-10-24,P008,HDMI cable,15
55,2024-10-24,P006,Wireless Mouse,30
56,2024-10-24,P010,External Hard Drive,100
57,2024-10-24,P002,Laptop Backpack,60
58,2024-10-24,P008,HDMI cable,15
59,2024-10-24,P002,Laptop Backpack,60
60,2024-10-24,P001,Wireless Headphones,100
61,2024-10-24,P008,HDMI cable,15
62,2024-10-24,P008,HDMI cable,15
63,2024-10-24,P006,Wireless Mouse,30
64,2024-10-24,P006,Wireless Mouse,30
65,2024-10-24,P002,Laptop Backpack,60
66,2024-10-24,P004,USB Flash Drive,20
67,2024-10-24,P005,Mobile Phone Case,15
68,2024-10-24,P001,Wireless Headphones,100
69,2024-10-24,P010,External Hard Drive,100
70,2024-10-24,P001,Wireless Headphones,100
71,2024-10-24,P003,Bluetooth Speaker,50
72,2024-10-24,P001,Wireless Headphones,100
73,2024-10-24,P003,Bluetooth Speaker,50
74,2024-10-24,P010,External Hard Drive,100
75,2024-10-24,P008,HDMI cable,15
76,2024-10-24,P004,USB Flash Drive,20
77,2024-10-24,P006,Wireless Mouse,30
78,2024-10-24,P005,Mobile Phone Case,15
79,2024-10-24,P001,Wireless Headphones,100
80,2024-10-24,P009,Smartphone,600
81,2024-10-24,P009,Smartphone,600
82,2024-10-24,P010,External Hard Drive,100
83,2024-10-24,P008,HDMI cable,15
84,2024-10-24,P006,Wireless Mouse,30
85,2024-10-24,P004,USB Flash Drive,20
86,2024-10-24,P002,Laptop Backpack,60
87,2024-10-24,P001,Wireless Headphones,100
88,2024-10-24,P003,Bluetooth Speaker,50
89,2024-10-24,P003,Bluetooth Speaker,50
90,2024-10-24,P001,Wireless Headphones,100
91,2024-10-24,P004,USB Flash Drive,20
92,2024-10-24,P005,Mobile Phone Case,15
93,2024-10-24,P010,External Hard Drive,100
94,2024-10-24,P001,Wireless Headphones,100
95,2024-10-24,P006,Wireless Mouse,30
96,2024-10-24,P006,Wireless Mouse,30
97,2024-10-24,P002,Laptop Backpack,60
98,2024-10-24,P002,Laptop Backpack,60
99,2024-10-24,P010,External Hard Drive,100
100,2024-10-24,P004,USB Flash Drive,20
101,2024-10-24,P005,Mobile Phone Case,15
102,2024-10-24,P010,External Hard Drive,100
103,2024-10-24,P001,Wireless Headphones,100
104,2024-10-24,P008,HDMI cable,15
105,2024-10-24,P003,Bluetooth Speaker,50
106,2024-10-24,P008,HDMI cable,15
107,2024-10-24,P001,Wireless Headphones,100
108,2024-10-24,P001,Wireless Headphones,100
109,2024-10-24,P004,USB Flash Drive,20
110,2024-10-24,P001,Wireless Headphones,100
111,2024-10-24,P003,Bluetooth Speaker,50
112,2024-10-24,P004,USB Flash Drive,20
113,2024-10-24,P004,USB Flash Drive,20
114,2024-10-24,P003,Bluetooth Speaker,50
115,2024-10-24,P003,Bluetooth Speaker,50
116,2024-10-24,P004,USB Flash Drive,20
117,2024-10-24,P008,HDMI cable,15
118,2024-10-24,P008,HDMI cable,15
119,2024-10-24,P009,Smartphone,600
120,2024-10-24,P001,Wireless Headphones,100
121,2024-10-24,P006,Wireless Mouse,30
122,2024-10-24,P001,Wireless Headphones,100
123,2024-10-24,P009,Smartphone,600
124,2024-10-24,P008,HDMI cable,15
125,2024-10-24,P010,External Hard Drive,100
126,2024-10-24,P001,Wireless Headphones,100
127,2024-10-24,P007,Laptop Stand,40
128,2024-10-24,P001,Wireless Headphones,100
129,2024-10-24,P002,Laptop Backpack,60
130,2024-10-24,P009,Smartphone,600
131,2024-10-24,P007,Laptop Stand,40
132,2024-10-24,P003,Bluetooth Speaker,50
133,2024-10-24,P001,Wireless Headphones,100
134,2024-10-24,P005,Mobile Phone Case,15
135,2024-10-24,P006,Wireless Mouse,30
136,2024-10-24,P006,Wireless Mouse,30
137,2024-10-24,P003,Bluetooth Speaker,50
138,2024-10-24,P006,Wireless Mouse,30
139,2024-10-24,P002,Laptop Backpack,60
140,2024-10-24,P001,Wireless Headphones,100
141,2024-10-24,P010,External Hard Drive,100
142,2024-10-24,P010,External Hard Drive,100
143,2024-10-24,P003,Bluetooth Speaker,50
144,2024-10-24,P003,Bluetooth Speaker,50
145,2024-10-24,P010,External Hard Drive,100
146,2024-10-24,P001,Wireless Headphones,100
147,2024-10-24,P004,USB Flash Drive,20
148,2024-10-24,P002,Laptop Backpack,60
149,2024-10-24,P008,HDMI cable,15
150,2024-10-24,P001,Wireless Headphones,100
151,2024-10-24,P001,Wireless Headphones,100
152,2024-10-24,P001,Wireless Headphones,100
153,2024-10-24,P003,Bluetooth Speaker,50
154,2024-10-24,P001,Wireless Headphones,100
155,2024-10-24,P006,Wireless Mouse,30
156,2024-10-24,P010,External Hard Drive,100
157,2024-10-24,P008,HDMI cable,15
158,2024-10-24,P002,Laptop Backpack,60
159,2024-10-24,P008,HDMI cable,15
160,2024-10-24,P003,Bluetooth Speaker,50
161,2024-10-24,P008,HDMI cable,15
162,2024-10-24,P005,Mobile Phone Case,15
163,2024-10-24,P004,USB Flash Drive,20
164,2024-10-24,P003,Bluetooth Speaker,50
165,2024-10-24,P005,Mobile Phone Case,15
166,2024-10-24,P007,Laptop Stand,40
167,2024-10-24,P010,External Hard Drive,100
168,2024-10-24,P004,USB Flash Drive,20
169,2024-10-24,P006,Wireless Mouse,30
170,2024-10-24,P008,HDMI cable,15
171,2024-10-24,P006,Wireless Mouse,30
172,2024-10-24,P005,Mobile Phone Case,15
173,2024-10-24,P009,Smartphone,600
174,2024-10-24,P007,Laptop Stand,40
175,2024-10-24,P001,Wireless Headphones,100
176,2024-10-24,P008,HDMI cable,15
177,2024-10-24,P009,Smartphone,600
178,2024-10-24,P001,Wireless Headphones,100
179,2024-10-24,P001,Wireless Headphones,100
180,2024-10-24,P003,Bluetooth Speaker,50
181,2024-10-24,P006,Wireless Mouse,30
182,2024-10-24,P006,Wireless Mouse,30
183,2024-10-24,P001,Wireless Headphones,100
184,2024-10-24,P004,USB Flash Drive,20
185,2024-10-24,P008,HDMI cable,15
186,2024-10-24,P001,Wireless Headphones,100
187,2024-10-24,P007,Laptop Stand,40
188,2024-10-24,P004,USB Flash Drive,20
189,2024-10-24,P001,Wireless Headphones,100
190,2024-10-24,P001,Wireless Headphones,100
191,2024-10-24,P006,Wireless Mouse,30
192,2024-10-24,P009,Smartphone,600
193,2024-10-24,P004,USB Flash Drive,20
194,2024-10-24,P004,USB Flash Drive,20
195,2024-10-24,P008,HDMI cable,15
196,2024-10-24,P002,Laptop Backpack,60
197,2024-10-24,P006,Wireless Mouse,30
198,2024-10-24,P008,HDMI cable,15
199,2024-10-24,P006,Wireless Mouse,30
200,2024-10-24,P003,Bluetooth Speaker,50
201,2024-10-24,P001,Wireless Headphones,100
202,2024-10-24,P004,USB Flash Drive,20
203,2024-10-24,P004,USB Flash Drive,20
204,2024-10-24,P002,Laptop Backpack,60
205,2024-10-24,P006,Wireless Mouse,30
206,2024-10-24,P004,USB Flash Drive,20
207,2024-10-24,P001,Wireless Headphones,100
208,2024-10-24,P005,Mobile Phone Case,15
209,2024-10-24,P002,Laptop Backpack,60
210,2024-10-24,P006,Wireless Mouse,30
211,2024-10-24,P003,Bluetooth Speaker,50
212,2024-10-24,P001,Wireless Headphones,100
213,2024-10-24,P003,Bluetooth Speaker,50
214,2024-10-24,P003,Bluetooth Speaker,50
215,2024-10-24,P009,Smartphone,600
216,2024-10-24,P008,HDMI cable,15
217,2024-10-24,P010,External Hard Drive,100
218,2024-10-24,P006,Wireless Mouse,30
219,2024-10-24,P005,Mobile Phone Case,15
220,2024-10-24,P010,External Hard Drive,100
221,2024-10-24,P002,Laptop Backpack,60
222,2024-10-24,P005,Mobile Phone Case,15
223,2024-10-24,P010,External Hard Drive,100
224,2024-10-24,P004,USB Flash Drive,20
225,2024-10-24,P002,Laptop Backpack,60
226,2024-10-24,P007,Laptop Stand,40
227,2024-10-24,P010,External Hard Drive,100
228,2024-10-24,P009,Smartphone,600
229,2024-10-24,P009,Smartphone,600
230,2024-10-24,P004,USB Flash Drive,20
231,2024-10-24,P008,HDMI cable,15
232,2024-10-24,P004,USB Flash Drive,20
233,2024-10-24,P005,Mobile Phone Case,15
234,2024-10-24,P001,Wireless Headphones,100
235,2024-10-24,P007,Laptop Stand,40
236,2024-10-24,P006,Wireless Mouse,30
237,2024-10-24,P001,Wireless Headphones,100
238,2024-10-24,P001,Wireless Headphones,100
239,2024-10-24,P006,Wireless Mouse,30
240,2024-10-24,P003,Bluetooth Speaker,50
241,2024-10-24,P005,Mobile Phone Case,15
242,2024-10-24,P003,Bluetooth Speaker,50
243,2024-10-24,P006,Wireless Mouse,30
244,2024-10-24,P006,Wireless Mouse,30
245,2024-10-24,P003,Bluetooth Speaker,50
246,2024-10-24,P002,Laptop Backpack,60
247,2024-10-24,P006,Wireless Mouse,30
248,2024-10-24,P009,Smartphone,600
249,2024-10-24,P001,Wireless Headphones,100
250,2024-10-24,P004,USB Flash Drive,20
251,2024-10-24,P009,Smartphone,600
252,2024-10-24,P001,Wireless Headphones,100
253,2024-10-24,P008,HDMI cable,15
254,2024-10-24,P008,HDMI cable,15
255,2024-10-24,P002,Laptop Backpack,60
256,2024-10-24,P008,HDMI cable,15
257,2024-10-24,P002,Laptop Backpack,60
258,2024-10-24,P008,HDMI cable,15
259,2024-10-24,P003,Bluetooth Speaker,50
260,2024-10-24,P007,Laptop Stand,40
261,2024-10-24,P003,Bluetooth Speaker,50
262,2024-10-24,P001,Wireless Headphones,100
263,2024-10-24,P002,Laptop Backpack,60
264,2024-10-24,P008,HDMI cable,15
265,2024-10-24,P010,External Hard Drive,100
266,2024-10-24,P008,HDMI cable,15
267,2024-10-24,P003,Bluetooth Speaker,50
268,2024-10-24,P003,Bluetooth Speaker,50
269,2024-10-24,P001,Wireless Headphones,100
270,2024-10-24,P001,Wireless Headphones,100
271,2024-10-24,P001,Wireless Headphones,100
272,2024-10-24,P001,Wireless Headphones,100
273,2024-10-24,P006,Wireless Mouse,30
274,2024-10-24,P001,Wireless Headphones,100
275,2024-10-24,P003,Bluetooth Speaker,50
276,2024-10-24,P010,External Hard Drive,100
277,2024-10-24,P001,Wireless Headphones,100
278,2024-10-24,P004,USB Flash Drive,20
279,2024-10-24,P003,Bluetooth Speaker,50
280,2024-10-24,P004,USB Flash Drive,20
281,2024-10-24,P002,Laptop Backpack,60
282,2024-10-24,P003,Bluetooth Speaker,50
283,2024-10-24,P008,HDMI cable,15
284,2024-10-24,P001,Wireless Headphones,100
285,2024-10-24,P004,USB Flash Drive,20
286,2024-10-24,P007,Laptop Stand,40
287,2024-10-24,P010,External Hard Drive,100
288,2024-10-24,P007,Laptop Stand,40
289,2024-10-24,P001,Wireless Headphones,100
290,2024-10-24,P001,Wireless Headphones,100
291,2024-10-24,P001,Wireless Headphones,100
292,2024-10-24,P003,Bluetooth Speaker,50
293,2024-10-24,P004,USB Flash Drive,20
294,2024-10-24,P010,External Hard Drive,100
295,2024-10-24,P003,Bluetooth Speaker,50
296,2024-10-24,P001,Wireless Headphones,100
297,2024-10-24,P003,Bluetooth Speaker,50
298,2024-10-24,P003,Bluetooth Speaker,50
299,2024-10-24,P001,Wireless Headphones,100
300,2024-10-24,P008,HDMI cable,15
301,2024-10-24,P009,Smartphone,600
302,2024-10-24,P006,Wireless Mouse,30
303,2024-10-24,P007,Laptop Stand,40
304,2024-10-24,P008,HDMI cable,15
305,2024-10-24,P010,External Hard Drive,100
306,2024-10-24,P009,Smartphone,600
307,2024-10-24,P003,Bluetooth Speaker,50
308,2024-10-24,P009,Smartphone,600
309,2024-10-24,P004,USB Flash Drive,20
310,2024-10-24,P006,Wireless Mouse,30
311,2024-10-24,P003,Bluetooth Speaker,50
312,2024-10-24,P007,Laptop Stand,40
313,2024-10-24,P001,Wireless Headphones,100
314,2024-10-24,P003,Bluetooth Speaker,50
315,2024-10-24,P003,Bluetooth Speaker,50
316,2024-10-24,P002,Laptop Backpack,60
317,2024-10-24,P001,Wireless Headphones,100
318,2024-10-24,P008,HDMI cable,15
319,2024-10-24,P003,Bluetooth Speaker,50
320,2024-10-24,P006,Wireless Mouse,30
321,2024-10-24,P002,Laptop Backpack,60
322,2024-10-24,P003,Bluetooth Speaker,50
323,2024-10-24,P002,Laptop Backpack,60
324,2024-10-24,P001,Wireless Headphones,100
325,2024-10-24,P010,External Hard Drive,100
326,2024-10-24,P003,Bluetooth Speaker,50
327,2024-10-24,P002,Laptop Backpack,60
328,2024-10-24,P008,HDMI cable,15
329,2024-10-24,P006,Wireless Mouse,30
330,2024-10-24,P004,USB Flash Drive,20
331,2024-10-24,P001,Wireless Headphones,100
332,2024-10-24,P001,Wireless Headphones,100
333,2024-10-24,P008,HDMI cable,15
334,2024-10-24,P009,Smartphone,600
335,2024-10-24,P006,Wireless Mouse,30
336,2024-10-24,P006,Wireless Mouse,30
337,2024-10-24,P010,External Hard Drive,100
338,2024-10-24,P007,Laptop Stand,40
339,2024-10-24,P004,USB Flash Drive,20
340,2024-10-24,P008,HDMI cable,15
341,2024-10-24,P010,External Hard Drive,100
342,2024-10-24,P002,Laptop Backpack,60
343,2024-10-24,P010,External Hard Drive,100
344,2024-10-24,P007,Laptop Stand,40
345,2024-10-24,P010,External Hard Drive,100
346,2024-10-24,P003,Bluetooth Speaker,50
347,2024-10-24,P002,Laptop Backpack,60
348,2024-10-24,P005,Mobile Phone Case,15
349,2024-10-24,P010,External Hard Drive,100
350,2024-10-24,P001,Wireless Headphones,100
351,2024-10-24,P006,Wireless Mouse,30
352,2024-10-24,P001,Wireless Headphones,100
353,2024-10-24,P008,HDMI cable,15
354,2024-10-24,P001,Wireless Headphones,100
355,2024-10-24,P006,Wireless Mouse,30
356,2024-10-24,P008,HDMI cable,15
357,2024-10-24,P006,Wireless Mouse,30
358,2024-10-24,P002,Laptop Backpack,60
359,2024-10-24,P008,HDMI cable,15
360,2024-10-24,P002,Laptop Backpack,60
361,2024-10-24,P008,HDMI cable,15
362,2024-10-24,P006,Wireless Mouse,30
363,2024-10-24,P004,USB Flash Drive,20
364,2024-10-24,P008,HDMI cable,15
365,2024-10-24,P004,USB Flash Drive,20
366,2024-10-24,P006,Wireless Mouse,30
367,2024-10-24,P001,Wireless Headphones,100
368,2024-10-24,P006,Wireless Mouse,30
369,2024-10-24,P004,USB Flash Drive,20
370,2024-10-24,P001,Wireless Headphones,100
371,2024-10-24,P004,USB Flash Drive,20
372,2024-10-24,P008,HDMI cable,15
373,2024-10-24,P005,Mobile Phone Case,15
374,2024-10-24,P002,Laptop Backpack,60
375,2024-10-24,P009,Smartphone,600
376,2024-10-24,P010,External Hard Drive,100
377,2024-10-24,P004,USB Flash Drive,20
378,2024-10-24,P004,USB Flash Drive,20
379,2024-10-24,P001,Wireless Headphones,100
380,2024-10-24,P006,Wireless Mouse,30
381,2024-10-24,P005,Mobile Phone Case,15
382,2024-10-24,P001,Wireless Headphones,100
383,2024-10-24,P006,Wireless Mouse,30
384,2024-10-24,P003,Bluetooth Speaker,50
385,2024-10-24,P008,HDMI cable,15
386,2024-10-24,P001,Wireless Headphones,100
387,2024-10-24,P006,Wireless Mouse,30
388,2024-10-24,P003,Bluetooth Speaker,50
389,2024-10-24,P001,Wireless Headphones,100
390,2024-10-24,P002,Laptop Backpack,60
391,2024-10-24,P007,Laptop Stand,40
392,2024-10-24,P006,Wireless Mouse,30
393,2024-10-24,P009,Smartphone,600
394,2024-10-24,P001,Wireless Headphones,100
395,2024-10-24,P007,Laptop Stand,40
396,2024-10-24,P004,USB Flash Drive,20
397,2024-10-24,P004,USB Flash Drive,20
398,2024-10-24,P001,Wireless Headphones,100
399,2024-10-24,P008,HDMI cable,15
400,2024-10-24,P006,Wireless Mouse,30
401,2024-10-24,P003,Bluetooth Speaker,50
402,2024-10-24,P004,USB Flash Drive,20
403,2024-10-24,P010,External Hard Drive,100
404,2024-10-24,P002,Laptop Backpack,60
405,2024-10-24,P001,Wireless Headphones,100
406,2024-10-24,P008,HDMI cable,15
407,2024-10-24,P010,External Hard Drive,100
408,2024-10-24,P004,USB Flash Drive,20
409,2024-10-24,P001,Wireless Headphones,100
410,2024-10-24,P004,USB Flash Drive,20
411,2024-10-24,P006,Wireless Mouse,30
412,2024-10-24,P002,Laptop Backpack,60
413,2024-10-24,P007,Laptop Stand,40
414,2024-10-24,P003,Bluetooth Speaker,50
415,2024-10-24,P003,Bluetooth Speaker,50
416,2024-10-24,P004,USB Flash Drive,20
417,2024-10-24,P004,USB Flash Drive,20
418,2024-10-24,P010,External Hard Drive,100
419,2024-10-24,P010,External Hard Drive,100
420,2024-10-24,P004,USB Flash Drive,20
421,2024-10-24,P001,Wireless Headphones,100
422,2024-10-24,P002,Laptop Backpack,60
423,2024-10-24,P001,Wireless Headphones,100
424,2024-10-24,P010,External Hard Drive,100
425,2024-10-24,P007,Laptop Stand,40
426,2024-10-24,P008,HDMI cable,15
427,2024-10-24,P006,Wireless Mouse,30
428,2024-10-24,P005,Mobile Phone Case,15
429,2024-10-24,P003,Bluetooth Speaker,50
430,2024-10-24,P001,Wireless Headphones,100
431,2024-10-24,P001,Wireless Headphones,100
432,2024-10-24,P009,Smartphone,600
433,2024-10-24,P005,Mobile Phone Case,15
434,2024-10-24,P006,Wireless Mouse,30
435,2024-10-24,P001,Wireless Headphones,100
436,2024-10-24,P001,Wireless Headphones,100
437,2024-10-24,P001,Wireless Headphones,100
438,2024-10-24,P003,Bluetooth Speaker,50
439,2024-10-24,P001,Wireless Headphones,100
440,2024-10-24,P004,USB Flash Drive,20
441,2024-10-24,P003,Bluetooth Speaker,50
442,2024-10-24,P004,USB Flash Drive,20
443,2024-10-24,P001,Wireless Headphones,100
444,2024-10-24,P002,Laptop Backpack,60
445,2024-10-24,P003,Bluetooth Speaker,50
446,2024-10-24,P006,Wireless Mouse,30
447,2024-10-24,P003,Bluetooth Speaker,50
448,2024-10-24,P001,Wireless Headphones,100
449,2024-10-24,P004,USB Flash Drive,20
450,2024-10-24,P001,Wireless Headphones,100
451,2024-10-24,P006,Wireless Mouse,30
452,2024-10-24,P003,Bluetooth Speaker,50
453,2024-10-24,P003,Bluetooth Speaker,50
454,2024-10-24,P001,Wireless Headphones,100
455,2024-10-24,P001,Wireless Headphones,100
456,2024-10-24,P001,Wireless Headphones,100
457,2024-10-24,P004,USB Flash Drive,20
458,2024-10-24,P008,HDMI cable,15
459,2024-10-24,P001,Wireless Headphones,100
460,2024-10-24,P003,Bluetooth Speaker,50
461,2024-10-24,P009,Smartphone,600
462,2024-10-24,P006,Wireless Mouse,30
463,2024-10-24,P010,External Hard Drive,100
464,2024-10-24,P010,External Hard Drive,100
465,2024-10-24,P004,USB Flash Drive,20
466,2024-10-24,P006,Wireless Mouse,30
467,2024-10-24,P006,Wireless Mouse,30
468,2024-10-24,P001,Wireless Headphones,100
469,2024-10-24,P004,USB Flash Drive,20
470,2024-10-24,P008,HDMI cable,15
471,2024-10-24,P001,Wireless Headphones,100
472,2024-10-24,P006,Wireless Mouse,30
473,2024-10-24,P006,Wireless Mouse,30
474,2024-10-24,P008,HDMI cable,15
475,2024-10-24,P001,Wireless Headphones,100
476,2024-10-24,P001,Wireless Headphones,100
477,2024-10-24,P002,Laptop Backpack,60
478,2024-10-24,P001,Wireless Headphones,100
479,2024-10-24,P001,Wireless Headphones,100
480,2024-10-24,P008,HDMI cable,15
481,2024-10-24,P010,External Hard Drive,100
482,2024-10-24,P001,Wireless Headphones,100
483,2024-10-24,P008,HDMI cable,15
484,2024-10-24,P010,External Hard Drive,100
485,2024-10-24,P010,External Hard Drive,100
486,2024-10-24,P005,Mobile Phone Case,15
487,2024-10-24,P008,HDMI cable,15
488,2024-10-24,P004,USB Flash Drive,20
489,2024-10-24,P003,Bluetooth Speaker,50
490,2024-10-24,P004,USB Flash Drive,20
491,2024-10-24,P005,Mobile Phone Case,15
492,2024-10-24,P004,USB Flash Drive,20
493,2024-10-24,P009,Smartphone,600
494,2024-10-24,P006,Wireless Mouse,30
495,2024-10-24,P007,Laptop Stand,40
496,2024-10-24,P009,Smartphone,600
497,2024-10-24,P004,USB Flash Drive,20
498,2024-10-24,P006,Wireless Mouse,30
499,2024-10-24,P001,Wireless Headphones,100
500,2024-10-24,P001,Wireless Headphones,100
501,2024-10-24,P006,Wireless Mouse,30
502,2024-10-24,P002,Laptop Backpack,60
503,2024-10-24,P004,USB Flash Drive,20
504,2024-10-24,P001,Wireless Headphones,100
505,2024-10-24,P004,USB Flash Drive,20
506,2024-10-24,P010,External Hard Drive,100
507,2024-10-24,P003,Bluetooth Speaker,50
508,2024-10-24,P001,Wireless Headphones,100
509,2024-10-24,P006,Wireless Mouse,30
510,2024-10-24,P004,USB Flash Drive,20
511,2024-10-24,P009,Smartphone,600
512,2024-10-24,P004,USB Flash Drive,20
513,2024-10-24,P006,Wireless Mouse,30
514,2024-10-24,P010,External Hard Drive,100
515,2024-10-24,P001,Wireless Headphones,100
516,2024-10-24,P006,Wireless Mouse,30
517,2024-10-24,P010,External Hard Drive,100
518,2024-10-24,P006,Wireless Mouse,30
519,2024-10-24,P006,Wireless Mouse,30
520,2024-10-24,P001,Wireless Headphones,100
521,2024-10-24,P001,Wireless Headphones,100
522,2024-10-24,P003,Bluetooth Speaker,50
523,2024-10-24,P002,Laptop Backpack,60
524,2024-10-24,P001,Wireless Headphones,100
525,2024-10-24,P003,Bluetooth Speaker,50
526,2024-10-24,P003,Bluetooth Speaker,50
527,2024-10-24,P006,Wireless Mouse,30
528,2024-10-24,P001,Wireless Headphones,100
529,2024-10-24,P006,Wireless Mouse,30
530,2024-10-24,P008,HDMI cable,15
531,2024-10-24,P010,External Hard Drive,100
532,2024-10-24,P004,USB Flash Drive,20
533,2024-10-24,P003,Bluetooth Speaker,50
534,2024-10-24,P001,Wireless Headphones,100
535,2024-10-24,P008,HDMI cable,15
536,2024-10-24,P004,USB Flash Drive,20
537,2024-10-24,P006,Wireless Mouse,30
538,2024-10-24,P001,Wireless Headphones,100
539,2024-10-24,P003,Bluetooth Speaker,50
540,2024-10-24,P002,Laptop Backpack,60
541,2024-10-24,P001,Wireless Headphones,100
542,2024-10-24,P010,External Hard Drive,100
543,2024-10-24,P002,Laptop Backpack,60
544,2024-10-24,P006,Wireless Mouse,30
545,2024-10-24,P002,Laptop Backpack,60
546,2024-10-24,P008,HDMI cable,15
547,2024-10-24,P002,Laptop Backpack,60
548,2024-10-24,P001,Wireless Headphones,100
549,2024-10-24,P003,Bluetooth Speaker,50
550,2024-10-24,P005,Mobile Phone Case,15
551,2024-10-24,P002,Laptop Backpack,60
552,2024-10-24,P002,Laptop Backpack,60
553,2024-10-24,P006,Wireless Mouse,30
554,2024-10-24,P007,Laptop Stand,40
555,2024-10-24,P001,Wireless Headphones,100
556,2024-10-24,P004,USB Flash Drive,20
557,2024-10-24,P010,External Hard Drive,100
558,2024-10-24,P006,Wireless Mouse,30
559,2024-10-24,P005,Mobile Phone Case,15
560,2024-10-24,P002,Laptop Backpack,60
561,2024-10-24,P004,USB Flash Drive,20
562,2024-10-24,P007,Laptop Stand,40
563,2024-10-24,P006,Wireless Mouse,30
564,2024-10-24,P001,Wireless Headphones,100
565,2024-10-24,P010,External Hard Drive,100
566,2024-10-24,P001,Wireless Headphones,100
567,2024-10-24,P002,Laptop Backpack,60
568,2024-10-24,P008,HDMI cable,15
569,2024-10-24,P006,Wireless Mouse,30
570,2024-10-24,P001,Wireless Headphones,100
571,2024-10-24,P006,Wireless Mouse,30
572,2024-10-24,P004,USB Flash Drive,20
573,2024-10-24,P010,External Hard Drive,100
574,2024-10-24,P010,External Hard Drive,100
575,2024-10-24,P008,HDMI cable,15
576,2024-10-24,P008,HDMI cable,15
577,2024-10-24,P007,Laptop Stand,40
578,2024-10-24,P004,USB Flash Drive,20
579,2024-10-24,P007,Laptop Stand,40
580,2024-10-24,P001,Wireless Headphones,100
581,2024-10-24,P006,Wireless Mouse,30
582,2024-10-24,P004,USB Flash Drive,20
583,2024-10-24,P010,External Hard Drive,100
584,2024-10-24,P010,External Hard Drive,100
585,2024-10-24,P007,Laptop Stand,40
586,2024-10-24,P001,Wireless Headphones,100
587,2024-10-24,P007,Laptop Stand,40
588,2024-10-24,P004,USB Flash Drive,20
589,2024-10-24,P006,Wireless Mouse,30
590,2024-10-24,P006,Wireless Mouse,30
591,2024-10-24,P003,Bluetooth Speaker,50
592,2024-10-24,P006,Wireless Mouse,30
593,2024-10-24,P001,Wireless Headphones,100
594,2024-10-24,P001,Wireless Headphones,100
595,2024-10-24,P006,Wireless Mouse,30
596,2024-10-24,P010,External Hard Drive,100
597,2024-10-24,P006,Wireless Mouse,30
598,2024-10-24,P008,HDMI cable,15
599,2024-10-24,P008,HDMI cable,15
600,2024-10-24,P006,Wireless Mouse,30
601,2024-10-24,P005,Mobile Phone Case,15
602,2024-10-24,P002,Laptop Backpack,60
603,2024-10-24,P004,USB Flash Drive,20
604,2024-10-24,P009,Smartphone,600
605,2024-10-24,P010,External Hard Drive,100
606,2024-10-24,P010,External Hard Drive,100
607,2024-10-24,P002,Laptop Backpack,60
608,2024-10-24,P001,Wireless Headphones,100
609,2024-10-24,P001,Wireless Headphones,100
610,2024-10-24,P006,Wireless Mouse,30
611,2024-10-24,P001,Wireless Headphones,100
612,2024-10-24,P007,Laptop Stand,40
613,2024-10-24,P003,Bluetooth Speaker,50
614,2024-10-24,P001,Wireless Headphones,100
615,2024-10-24,P010,External Hard Drive,100
616,2024-10-24,P010,External Hard Drive,100
617,2024-10-24,P001,Wireless Headphones,100
618,2024-10-24,P004,USB Flash Drive,20
619,2024-10-24,P006,Wireless Mouse,30
620,2024-10-24,P008,HDMI cable,15
621,2024-10-24,P001,Wireless Headphones,100
622,2024-10-24,P010,External Hard Drive,100
623,2024-10-24,P009,Smartphone,600
624,2024-10-24,P004,USB Flash Drive,20
625,2024-10-24,P003,Bluetooth Speaker,50
626,2024-10-24,P002,Laptop Backpack,60
627,2024-10-24,P003,Bluetooth Speaker,50
628,2024-10-24,P010,External Hard Drive,100
629,2024-10-24,P004,USB Flash Drive,20
630,2024-10-24,P002,Laptop Backpack,60
631,2024-10-24,P003,Bluetooth Speaker,50
632,2024-10-24,P009,Smartphone,600
633,2024-10-24,P010,External Hard Drive,100
634,2024-10-24,P006,Wireless Mouse,30
635,2024-10-24,P008,HDMI cable,15
636,2024-10-24,P003,Bluetooth Speaker,50
637,2024-10-24,P002,Laptop Backpack,60
638,2024-10-24,P004,USB Flash Drive,20
639,2024-10-24,P002,Laptop Backpack,60
640,2024-10-24,P001,Wireless Headphones,100
641,2024-10-24,P007,Laptop Stand,40
642,2024-10-24,P006,Wireless Mouse,30
643,2024-10-24,P002,Laptop Backpack,60
644,2024-10-24,P008,HDMI cable,15
645,2024-10-24,P008,HDMI cable,15
646,2024-10-24,P008,HDMI cable,15
647,2024-10-24,P008,HDMI cable,15
648,2024-10-24,P008,HDMI cable,15
649,2024-10-24,P002,Laptop Backpack,60
650,2024-10-24,P010,External Hard Drive,100
651,2024-10-24,P004,USB Flash Drive,20
652,2024-10-24,P002,Laptop Backpack,60
653,2024-10-24,P010,External Hard Drive,100
654,2024-10-24,P006,Wireless Mouse,30
655,2024-10-24,P001,Wireless Headphones,100
656,2024-10-24,P010,External Hard Drive,100
657,2024-10-24,P009,Smartphone,600
658,2024-10-24,P001,Wireless Headphones,100
659,2024-10-24,P010,External Hard Drive,100
660,2024-10-24,P004,USB Flash Drive,20
661,2024-10-24,P006,Wireless Mouse,30
662,2024-10-24,P004,USB Flash Drive,20
663,2024-10-24,P004,USB Flash Drive,20
664,2024-10-24,P001,Wireless Headphones,100
665,2024-10-24,P004,USB Flash Drive,20
666,2024-10-24,P004,USB Flash Drive,20
667,2024-10-24,P004,USB Flash Drive,20
668,2024-10-24,P004,USB Flash Drive,20
669,2024-10-24,P005,Mobile Phone Case,15
670,2024-10-24,P003,Bluetooth Speaker,50
671,2024-10-24,P007,Laptop Stand,40
672,2024-10-24,P001,Wireless Headphones,100
673,2024-10-24,P004,USB Flash Drive,20
674,2024-10-24,P006,Wireless Mouse,30
675,2024-10-24,P010,External Hard Drive,100
676,2024-10-24,P003,Bluetooth Speaker,50
677,2024-10-24,P001,Wireless Headphones,100
678,2024-10-24,P008,HDMI cable,15
679,2024-10-24,P008,HDMI cable,15
680,2024-10-24,P001,Wireless Headphones,100
681,2024-10-24,P008,HDMI cable,15
682,2024-10-24,P007,Laptop Stand,40
683,2024-10-24,P002,Laptop Backpack,60
684,2024-10-24,P010,External Hard Drive,100
685,2024-10-24,P001,Wireless Headphones,100
686,2024-10-24,P006,Wireless Mouse,30
687,2024-10-24,P010,External Hard Drive,100
688,2024-10-24,P005,Mobile Phone Case,15
689,2024-10-24,P004,USB Flash Drive,20
690,2024-10-24,P002,Laptop Backpack,60
691,2024-10-24,P004,USB Flash Drive,20
692,2024-10-24,P002,Laptop Backpack,60
693,2024-10-24,P002,Laptop Backpack,60
694,2024-10-24,P010,External Hard Drive,100
695,2024-10-24,P007,Laptop Stand,40
696,2024-10-24,P008,HDMI cable,15
697,2024-10-24,P001,Wireless Headphones,100
698,2024-10-24,P009,Smartphone,600
699,2024-10-24,P001,Wireless Headphones,100
700,2024-10-24,P008,HDMI cable,15
701,2024-10-24,P006,Wireless Mouse,30
702,2024-10-24,P004,USB Flash Drive,20
703,2024-10-24,P001,Wireless Headphones,100
704,2024-10-24,P001,Wireless Headphones,100
705,2024-10-24,P006,Wireless Mouse,30
706,2024-10-24,P001,Wireless Headphones,100
707,2024-10-24,P006,Wireless Mouse,30
708,2024-10-24,P004,USB Flash Drive,20
709,2024-10-24,P009,Smartphone,600
710,2024-10-24,P004,USB Flash Drive,20
711,2024-10-24,P001,Wireless Headphones,100
712,2024-10-24,P010,External Hard Drive,100
713,2024-10-24,P006,Wireless Mouse,30
714,2024-10-24,P010,External Hard Drive,100
715,2024-10-24,P008,HDMI cable,15
716,2024-10-24,P004,USB Flash Drive,20
717,2024-10-24,P001,Wireless Headphones,100
718,2024-10-24,P007,Laptop Stand,40
719,2024-10-24,P001,Wireless Headphones,100
720,2024-10-24,P004,USB Flash Drive,20
721,2024-10-24,P009,Smartphone,600
722,2024-10-24,P004,USB Flash Drive,20
723,2024-10-24,P001,Wireless Headphones,100
724,2024-10-24,P008,HDMI cable,15
725,2024-10-24,P001,Wireless Headphones,100
726,2024-10-24,P008,HDMI cable,15
727,2024-10-24,P004,USB Flash Drive,20
728,2024-10-24,P010,External Hard Drive,100
729,2024-10-24,P007,Laptop Stand,40
730,2024-10-24,P005,Mobile Phone Case,15
731,2024-10-24,P010,External Hard Drive,100
732,2024-10-24,P006,Wireless Mouse,30
733,2024-10-24,P002,Laptop Backpack,60
734,2024-10-24,P001,Wireless Headphones,100
735,2024-10-24,P004,USB Flash Drive,20
736,2024-10-24,P006,Wireless Mouse,30
737,2024-10-24,P002,Laptop Backpack,60
738,2024-10-24,P010,External Hard Drive,100
739,2024-10-24,P008,HDMI cable,15
740,2024-10-24,P006,Wireless Mouse,30
741,2024-10-24,P010,External Hard Drive,100
742,2024-10-24,P008,HDMI cable,15
743,2024-10-24,P006,Wireless Mouse,30
744,2024-10-24,P004,USB Flash Drive,20
745,2024-10-24,P004,USB Flash Drive,20
746,2024-10-24,P006,Wireless Mouse,30
747,2024-10-24,P001,Wireless Headphones,100
748,2024-10-24,P010,External Hard Drive,100
749,2024-10-24,P005,Mobile Phone Case,15
750,2024-10-24,P002,Laptop Backpack,60
751,2024-10-24,P004,USB Flash Drive,20
752,2024-10-24,P004,USB Flash Drive,20
753,2024-10-24,P001,Wireless Headphones,100
754,2024-10-24,P001,Wireless Headphones,100
755,2024-10-24,P003,Bluetooth Speaker,50
756,2024-10-24,P010,External Hard Drive,100
757,2024-10-24,P001,Wireless Headphones,100
758,2024-10-24,P003,Bluetooth Speaker,50
759,2024-10-24,P005,Mobile Phone Case,15
760,2024-10-24,P006,Wireless Mouse,30
761,2024-10-24,P008,HDMI cable,15
762,2024-10-24,P008,HDMI cable,15
763,2024-10-24,P002,Laptop Backpack,60
764,2024-10-24,P002,Laptop Backpack,60
765,2024-10-24,P004,USB Flash Drive,20
766,2024-10-24,P008,HDMI cable,15
767,2024-10-24,P004,USB Flash Drive,20
768,2024-10-24,P003,Bluetooth Speaker,50
769,2024-10-24,P002,Laptop Backpack,60
770,2024-10-24,P005,Mobile Phone Case,15
771,2024-10-24,P001,Wireless Headphones,100
772,2024-10-24,P001,Wireless Headphones,100
773,2024-10-24,P008,HDMI cable,15
774,2024-10-24,P006,Wireless Mouse,30
775,2024-10-24,P008,HDMI cable,15
776,2024-10-24,P002,Laptop Backpack,60
777,2024-10-24,P005,Mobile Phone Case,15
778,2024-10-24,P008,HDMI cable,15
779,2024-10-24,P002,Laptop Backpack,60
780,2024-10-24,P005,Mobile Phone Case,15
781,2024-10-24,P007,Laptop Stand,40
782,2024-10-24,P002,Laptop Backpack,60
783,2024-10-24,P010,External Hard Drive,100
784,2024-10-24,P008,HDMI cable,15
785,2024-10-24,P008,HDMI cable,15
786,2024-10-24,P001,Wireless Headphones,100
787,2024-10-24,P006,Wireless Mouse,30
788,2024-10-24,P006,Wireless Mouse,30
789,2024-10-24,P010,External Hard Drive,100
790,2024-10-24,P001,Wireless Headphones,100
791,2024-10-24,P003,Bluetooth Speaker,50
792,2024-10-24,P009,Smartphone,600
793,2024-10-24,P009,Smartphone,600
794,2024-10-24,P009,Smartphone,600
795,2024-10-24,P001,Wireless Headphones,100
796,2024-10-24,P004,USB Flash Drive,20
797,2024-10-24,P008,HDMI cable,15
798,2024-10-24,P010,External Hard Drive,100
799,2024-10-24,P009,Smartphone,600
800,2024-10-24,P008,HDMI cable,15
801,2024-10-24,P010,External Hard Drive,100
802,2024-10-24,P004,USB Flash Drive,20
803,2024-10-24,P010,External Hard Drive,100
804,2024-10-24,P002,Laptop Backpack,60
805,2024-10-24,P005,Mobile Phone Case,15
806,2024-10-24,P008,HDMI cable,15
807,2024-10-24,P009,Smartphone,600
808,2024-10-24,P004,USB Flash Drive,20
809,2024-10-24,P008,HDMI cable,15
810,2024-10-24,P004,USB Flash Drive,20
811,2024-10-24,P006,Wireless Mouse,30
812,2024-10-24,P002,Laptop Backpack,60
813,2024-10-24,P008,HDMI cable,15
814,2024-10-24,P001,Wireless Headphones,100
815,2024-10-24,P008,HDMI cable,15
816,2024-10-24,P007,Laptop Stand,40
817,2024-10-24,P004,USB Flash Drive,20
818,2024-10-24,P008,HDMI cable,15
819,2024-10-24,P001,Wireless Headphones,100
820,2024-10-24,P006,Wireless Mouse,30
821,2024-10-24,P003,Bluetooth Speaker,50
822,2024-10-24,P004,USB Flash Drive,20
823,2024-10-24,P006,Wireless Mouse,30
824,2024-10-24,P004,USB Flash Drive,20
825,2024-10-24,P008,HDMI cable,15
826,2024-10-24,P006,Wireless Mouse,30
827,2024-10-24,P006,Wireless Mouse,30
828,2024-10-24,P010,External Hard Drive,100
829,2024-10-24,P004,USB Flash Drive,20
830,2024-10-24,P006,Wireless Mouse,30
831,2024-10-24,P006,Wireless Mouse,30
832,2024-10-24,P006,Wireless Mouse,30
833,2024-10-24,P002,Laptop Backpack,60
834,2024-10-24,P009,Smartphone,600
835,2024-10-24,P001,Wireless Headphones,100
836,2024-10-24,P010,External Hard Drive,100
837,2024-10-24,P005,Mobile Phone Case,15
838,2024-10-24,P010,External Hard Drive,100
839,2024-10-24,P001,Wireless Headphones,100
840,2024-10-24,P001,Wireless Headphones,100
841,2024-10-24,P007,Laptop Stand,40
842,2024-10-24,P001,Wireless Headphones,100
843,2024-10-24,P001,Wireless Headphones,100
844,2024-10-24,P006,Wireless Mouse,30
845,2024-10-24,P010,External Hard Drive,100
846,2024-10-24,P006,Wireless Mouse,30
847,2024-10-24,P006,Wireless Mouse,30
848,2024-10-24,P001,Wireless Headphones,100
849,2024-10-24,P002,Laptop Backpack,60
850,2024-10-24,P006,Wireless Mouse,30
851,2024-10-24,P006,Wireless Mouse,30
852,2024-10-24,P002,Laptop Backpack,60
853,2024-10-24,P010,External Hard Drive,100
854,2024-10-24,P008,HDMI cable,15
855,2024-10-24,P001,Wireless Headphones,100
856,2024-10-24,P002,Laptop Backpack,60
857,2024-10-24,P010,External Hard Drive,100
858,2024-10-24,P004,USB Flash Drive,20
859,2024-10-24,P005,Mobile Phone Case,15
860,2024-10-24,P001,Wireless Headphones,100
861,2024-10-24,P004,USB Flash Drive,20
862,2024-10-24,P008,HDMI cable,15
863,2024-10-24,P009,Smartphone,600
864,2024-10-24,P009,Smartphone,600
865,2024-10-24,P004,USB Flash Drive,20
866,2024-10-24,P002,Laptop Backpack,60
867,2024-10-24,P007,Laptop Stand,40
868,2024-10-24,P008,HDMI cable,15
869,2024-10-24,P010,External Hard Drive,100
870,2024-10-24,P006,Wireless Mouse,30
871,2024-10-24,P010,External Hard Drive,100
872,2024-10-24,P001,Wireless Headphones,100
873,2024-10-24,P001,Wireless Headphones,100
874,2024-10-24,P002,Laptop Backpack,60
875,2024-10-24,P007,Laptop Stand,40
876,2024-10-24,P002,Laptop Backpack,60
877,2024-10-24,P006,Wireless Mouse,30
878,2024-10-24,P006,Wireless Mouse,30
879,2024-10-24,P005,Mobile Phone Case,15
880,2024-10-24,P004,USB Flash Drive,20
881,2024-10-24,P010,External Hard Drive,100
882,2024-10-24,P007,Laptop Stand,40
883,2024-10-24,P005,Mobile Phone Case,15
884,2024-10-24,P002,Laptop Backpack,60
885,2024-10-24,P010,External Hard Drive,100
886,2024-10-24,P004,USB Flash Drive,20
887,2024-10-24,P004,USB Flash Drive,20
888,2024-10-24,P001,Wireless Headphones,100
889,2024-10-24,P005,Mobile Phone Case,15
890,2024-10-24,P004,USB Flash Drive,20
891,2024-10-24,P004,USB Flash Drive,20
892,2024-10-24,P010,External Hard Drive,100
893,2024-10-24,P004,USB Flash Drive,20
894,2024-10-24,P009,Smartphone,600
895,2024-10-24,P005,Mobile Phone Case,15
896,2024-10-24,P009,Smartphone,600
897,2024-10-24,P007,Laptop Stand,40
898,2024-10-24,P005,Mobile Phone Case,15
899,2024-10-24,P004,USB Flash Drive,20
900,2024-10-24,P003,Bluetooth Speaker,50
901,2024-10-24,P001,Wireless Headphones,100
902,2024-10-24,P003,Bluetooth Speaker,50
903,2024-10-24,P001,Wireless Headphones,100
904,2024-10-24,P001,Wireless Headphones,100
905,2024-10-24,P004,USB Flash Drive,20
906,2024-10-24,P006,Wireless Mouse,30
907,2024-10-24,P003,Bluetooth Speaker,50
908,2024-10-24,P002,Laptop Backpack,60
909,2024-10-24,P001,Wireless Headphones,100
910,2024-10-24,P003,Bluetooth Speaker,50
911,2024-10-24,P008,HDMI cable,15
912,2024-10-24,P010,External Hard Drive,100
913,2024-10-24,P004,USB Flash Drive,20
914,2024-10-24,P008,HDMI cable,15
915,2024-10-24,P002,Laptop Backpack,60
916,2024-10-24,P006,Wireless Mouse,30
917,2024-10-24,P006,Wireless Mouse,30
918,2024-10-24,P002,Laptop Backpack,60
919,2024-10-24,P010,External Hard Drive,100
920,2024-10-24,P008,HDMI cable,15
921,2024-10-24,P009,Smartphone,600
922,2024-10-24,P008,HDMI cable,15
923,2024-10-24,P005,Mobile Phone Case,15
924,2024-10-24,P004,USB Flash Drive,20
925,2024-10-24,P001,Wireless Headphones,100
926,2024-10-24,P002,Laptop Backpack,60
927,2024-10-24,P002,Laptop Backpack,60
928,2024-10-24,P004,USB Flash Drive,20
929,2024-10-24,P004,USB Flash Drive,20
930,2024-10-24,P002,Laptop Backpack,60
931,2024-10-24,P006,Wireless Mouse,30
932,2024-10-24,P004,USB Flash Drive,20
933,2024-10-24,P010,External Hard Drive,100
934,2024-10-24,P006,Wireless Mouse,30
935,2024-10-24,P003,Bluetooth Speaker,50
936,2024-10-24,P001,Wireless Headphones,100
937,2024-10-24,P010,External Hard Drive,100
938,2024-10-24,P009,Smartphone,600
939,2024-10-24,P001,Wireless Headphones,100
940,2024-10-24,P010,External Hard Drive,100
941,2024-10-24,P001,Wireless Headphones,100
942,2024-10-24,P001,Wireless Headphones,100
943,2024-10-24,P001,Wireless Headphones,100
944,2024-10-24,P004,USB Flash Drive,20
945,2024-10-24,P004,USB Flash Drive,20
946,2024-10-24,P010,External Hard Drive,100
947,2024-10-24,P006,Wireless Mouse,30
948,2024-10-24,P004,USB Flash Drive,20
949,2024-10-24,P008,HDMI cable,15
950,2024-10-24,P003,Bluetooth Speaker,50
951,2024-10-24,P004,USB Flash Drive,20
952,2024-10-24,P008,HDMI cable,15
953,2024-10-24,P005,Mobile Phone Case,15
954,2024-10-24,P006,Wireless Mouse,30
955,2024-10-24,P001,Wireless Headphones,100
956,2024-10-24,P006,Wireless Mouse,30
957,2024-10-24,P004,USB Flash Drive,20
958,2024-10-24,P002,Laptop Backpack,60
959,2024-10-24,P006,Wireless Mouse,30
960,2024-10-24,P003,Bluetooth Speaker,50
961,2024-10-24,P003,Bluetooth Speaker,50
962,2024-10-24,P005,Mobile Phone Case,15
963,2024-10-24,P009,Smartphone,600
964,2024-10-24,P007,Laptop Stand,40
965,2024-10-24,P004,USB Flash Drive,20
966,2024-10-24,P009,Smartphone,600
967,2024-10-24,P003,Bluetooth Speaker,50
968,2024-10-24,P008,HDMI cable,15
969,2024-10-24,P004,USB Flash Drive,20
970,2024-10-24,P004,USB Flash Drive,20
971,2024-10-24,P001,Wireless Headphones,100
972,2024-10-24,P003,Bluetooth Speaker,50
973,2024-10-24,P001,Wireless Headphones,100
974,2024-10-24,P002,Laptop Backpack,60
975,2024-10-24,P006,Wireless Mouse,30
976,2024-10-24,P004,USB Flash Drive,20
977,2024-10-24,P003,Bluetooth Speaker,50
978,2024-10-24,P010,External Hard Drive,100
979,2024-10-24,P010,External Hard Drive,100
980,2024-10-24,P004,USB Flash Drive,20
981,2024-10-24,P008,HDMI cable,15
982,2024-10-24,P002,Laptop Backpack,60
983,2024-10-24,P003,Bluetooth Speaker,50
984,2024-10-24,P010,External Hard Drive,100
985,2024-10-24,P002,Laptop Backpack,60
986,2024-10-24,P002,Laptop Backpack,60
987,2024-10-24,P001,Wireless Headphones,100
988,2024-10-24,P001,Wireless Headphones,100
989,2024-10-24,P006,Wireless Mouse,30
990,2024-10-24,P002,Laptop Backpack,60
991,2024-10-24,P004,USB Flash Drive,20
992,2024-10-24,P006,Wireless Mouse,30
993,2024-10-24,P001,Wireless Headphones,100
994,2024-10-24,P005,Mobile Phone Case,15
995,2024-10-24,P006,Wireless Mouse,30
996,2024-10-24,P006,Wireless Mouse,30
997,2024-10-24,P004,USB Flash Drive,20
998,2024-10-24,P001,Wireless Headphones,100
999,2024-10-24,P006,Wireless Mouse,30
1000,2024-10-24,P001,Wireless Headphones,100
